{"Mode1": [0.011518360577609863, 0.019725630131759063, 0.027330647891400276, 0.03241912760028058], "Mode2": [0.012059957341005654, 0.01992472307667856, 0.027266800115544387, 0.03213545955731123], "Periods": [1.1248870028714764, 1.1910814475425262], "Damping": [0.04999999999999993, 0.04999999999999993], "CircFreq": [5.585614636084003, 5.275193665507289]}